year,month,day,hour,minute,second,people
2022,5,12,13,58,40,230
2022,5,12,15,58,41,783
2022,5,12,14,58,42,52
2022,5,12,4,58,43,91
2022,5,12,13,58,44,685
2022,5,12,22,58,45,668
2022,5,12,13,58,46,21
2022,5,12,10,58,47,269
2022,5,12,19,58,48,357
2022,5,12,14,58,49,900
2022,5,12,16,58,50,729
2022,5,12,23,58,51,376
2022,5,12,7,58,52,833
2022,5,12,17,58,53,526
2022,5,12,18,58,54,252
2022,5,12,9,58,55,301
2022,5,12,13,58,56,249
2022,5,12,3,58,57,411
2022,5,12,14,58,58,651
2022,5,12,12,58,59,953
2022,5,12,4,59,0,632
2022,5,12,17,59,1,20
2022,5,12,20,59,2,457
2022,5,12,4,59,3,115
2022,5,12,19,59,4,593
2022,5,12,5,59,5,518
2022,5,12,17,59,6,879
2022,5,12,3,59,7,326
2022,5,12,5,59,8,683
2022,5,12,4,59,9,315
2022,5,12,0,59,10,636
2022,5,12,13,59,11,338
2022,5,12,7,59,12,888
2022,5,12,8,59,13,233
2022,5,12,13,59,14,799
2022,5,12,2,59,15,786
2022,5,12,13,59,16,30
2022,5,12,15,59,17,515
2022,5,12,11,59,18,511
2022,5,12,1,59,19,821
2022,5,12,5,59,20,896
2022,5,12,19,59,21,184
2022,5,12,5,59,22,304
2022,5,12,23,59,23,576
2022,5,12,23,59,24,354
2022,5,12,22,59,25,924
2022,5,12,8,59,26,392
2022,5,12,20,59,27,145
2022,5,12,18,59,28,84
2022,5,12,7,59,29,996
2022,5,12,6,59,30,681
2022,5,12,14,59,31,631
2022,5,12,21,59,32,105
2022,5,12,19,59,33,207
2022,5,12,8,59,34,109
2022,5,12,10,59,35,70
2022,5,12,15,59,36,885
2022,5,12,22,59,37,55
2022,5,12,18,59,38,482
2022,5,12,10,59,39,104
